{"cameraMode":{"drawMode":0,"name":"Shaded","section":"Shading Mode"},"sceneLighting":true,"audioPlay":false,"sceneViewState":{"m_AlwaysRefresh":false,"showFog":true,"showSkybox":true,"showFlares":true,"showImageEffects":true,"showParticleSystems":true,"showVisualEffectGraphs":true,"m_FxEnabled":true},"in2DMode":false,"pivot":{"x":6.038054943084717,"y":22.135576248168947,"z":-27.618602752685548},"rotation":{"x":0.2955036461353302,"y":0.010602312162518502,"z":-0.0032796100713312628,"w":0.9552841186523438},"size":20.992238998413087,"orthographic":false}